{
  "floorplan": {
    "version": "0.0.2a",
    "corners": {
      "253dcbbc-c39a-7382-066b-878ac23e4560": {
        "x": -5,
        "y": -3.5,
        "elevation": 2.5
      },
      "732cb317-3281-4eb2-4435-93a3c604e59d": {
        "x": 0,
        "y": -3.5,
        "elevation": 2.5
      },
      "458965df-513a-bfc6-e381-da3ee0776e2f": {
        "x": 0,
        "y": -0.5,
        "elevation": 2.5
      },
      "ed328f25-98a3-8318-e91e-0d71d88256de": {
        "x": -5,
        "y": -0.5,
        "elevation": 2.5
      },
      "90161a9c-ca8b-8d8a-767d-f43b8c846be5": {
        "x": 4,
        "y": -3.5,
        "elevation": 2.5
      },
      "683c40e6-b6fa-5585-6996-1c3993177f96": {
        "x": 4,
        "y": -0.5,
        "elevation": 2.5
      },
      "13c2f9f2-cfbc-83aa-e7bd-ca6bc4c70518": {
        "x": -5,
        "y": 2,
        "elevation": 2.5
      },
      "b8f5b93e-8a9b-b14f-2704-4bf3443f7696": {
        "x": 0,
        "y": 2,
        "elevation": 2.5
      },
      "7702e8c4-90ae-bdb4-70d9-ed17d0e1601b": {
        "x": 4,
        "y": 2,
        "elevation": 2.5
      }
    },
    "walls": [
      {
        "corner1": "253dcbbc-c39a-7382-066b-878ac23e4560",
        "corner2": "732cb317-3281-4eb2-4435-93a3c604e59d",
        "frontTexture": {
          "url": "rooms/textures/wallmap.png",
          "stretch": true,
          "scale": 0
        },
        "backTexture": {
          "url": "rooms/textures/wallmap.png",
          "stretch": true,
          "scale": 0
        },
        "wallType": "STRAIGHT",
        "a": { "x": -323.2233047033631, "y": -173.2233047033631 },
        "b": { "x": -176.77669529663686, "y": -173.2233047033631 },
        "length": "5m"
      },
      {
        "corner1": "732cb317-3281-4eb2-4435-93a3c604e59d",
        "corner2": "458965df-513a-bfc6-e381-da3ee0776e2f",
        "frontTexture": {
          "url": "rooms/textures/wallmap.png",
          "stretch": true,
          "scale": 0
        },
        "backTexture": {
          "url": "rooms/textures/wallmap.png",
          "stretch": true,
          "scale": 0
        },
        "wallType": "STRAIGHT",
        "a": { "x": -106.06601717798213, "y": -243.93398282201787 },
        "b": { "x": -106.06601717798213, "y": -156.06601717798213 },
        "length": "3m"
      },
      {
        "corner1": "458965df-513a-bfc6-e381-da3ee0776e2f",
        "corner2": "ed328f25-98a3-8318-e91e-0d71d88256de",
        "frontTexture": {
          "url": "rooms/textures/wallmap.png",
          "stretch": true,
          "scale": 0
        },
        "backTexture": {
          "url": "rooms/textures/wallmap.png",
          "stretch": true,
          "scale": 0
        },
        "wallType": "STRAIGHT",
        "a": { "x": -176.7766952966369, "y": -226.7766952966369 },
        "b": { "x": -323.22330470336317, "y": -226.7766952966369 },
        "length": "5m"
      },
      {
        "corner1": "ed328f25-98a3-8318-e91e-0d71d88256de",
        "corner2": "253dcbbc-c39a-7382-066b-878ac23e4560",
        "frontTexture": {
          "url": "rooms/textures/wallmap.png",
          "stretch": true,
          "scale": 0
        },
        "backTexture": {
          "url": "rooms/textures/wallmap.png",
          "stretch": true,
          "scale": 0
        },
        "wallType": "STRAIGHT",
        "a": { "x": -393.93398282201787, "y": -156.06601717798213 },
        "b": { "x": -393.93398282201787, "y": -243.93398282201787 },
        "length": "3m"
      },
      {
        "corner1": "732cb317-3281-4eb2-4435-93a3c604e59d",
        "corner2": "90161a9c-ca8b-8d8a-767d-f43b8c846be5",
        "frontTexture": {
          "url": "rooms/textures/wallmap.png",
          "stretch": true,
          "scale": 0
        },
        "backTexture": {
          "url": "rooms/textures/wallmap.png",
          "stretch": true,
          "scale": 0
        },
        "wallType": "STRAIGHT",
        "a": { "x": 141.4213562373095, "y": -208.5786437626905 },
        "b": { "x": 258.5786437626905, "y": -208.5786437626905 },
        "length": "4m"
      },
      {
        "corner1": "90161a9c-ca8b-8d8a-767d-f43b8c846be5",
        "corner2": "683c40e6-b6fa-5585-6996-1c3993177f96",
        "frontTexture": {
          "url": "rooms/textures/wallmap.png",
          "stretch": true,
          "scale": 0
        },
        "backTexture": {
          "url": "rooms/textures/wallmap.png",
          "stretch": true,
          "scale": 0
        },
        "wallType": "STRAIGHT",
        "a": { "x": 293.93398282201787, "y": -243.93398282201787 },
        "b": { "x": 293.93398282201787, "y": -156.06601717798213 },
        "length": "3m"
      },
      {
        "corner1": "683c40e6-b6fa-5585-6996-1c3993177f96",
        "corner2": "458965df-513a-bfc6-e381-da3ee0776e2f",
        "frontTexture": {
          "url": "rooms/textures/wallmap.png",
          "stretch": true,
          "scale": 0
        },
        "backTexture": {
          "url": "rooms/textures/wallmap.png",
          "stretch": true,
          "scale": 0
        },
        "wallType": "STRAIGHT",
        "a": { "x": 258.5786437626905, "y": -191.4213562373095 },
        "b": { "x": 141.42135623730948, "y": -191.4213562373095 },
        "length": "4m"
      },
      {
        "corner1": "ed328f25-98a3-8318-e91e-0d71d88256de",
        "corner2": "13c2f9f2-cfbc-83aa-e7bd-ca6bc4c70518",
        "frontTexture": {
          "url": "rooms/textures/wallmap.png",
          "stretch": true,
          "scale": 0
        },
        "backTexture": {
          "url": "rooms/textures/wallmap.png",
          "stretch": true,
          "scale": 0
        },
        "wallType": "STRAIGHT",
        "a": { "x": -588.3883476483185, "y": 38.388347648318444 },
        "b": { "x": -588.3883476483185, "y": 111.61165235168157 },
        "length": "2.5m"
      },
      {
        "corner1": "13c2f9f2-cfbc-83aa-e7bd-ca6bc4c70518",
        "corner2": "b8f5b93e-8a9b-b14f-2704-4bf3443f7696",
        "frontTexture": {
          "url": "rooms/textures/wallmap.png",
          "stretch": true,
          "scale": 0
        },
        "backTexture": {
          "url": "rooms/textures/wallmap.png",
          "stretch": true,
          "scale": 0
        },
        "wallType": "STRAIGHT",
        "a": { "x": -323.2233047033631, "y": 376.7766952966369 },
        "b": { "x": -176.77669529663686, "y": 376.7766952966369 },
        "length": "5m"
      },
      {
        "corner1": "b8f5b93e-8a9b-b14f-2704-4bf3443f7696",
        "corner2": "458965df-513a-bfc6-e381-da3ee0776e2f",
        "frontTexture": {
          "url": "rooms/textures/wallmap.png",
          "stretch": true,
          "scale": 0
        },
        "backTexture": {
          "url": "rooms/textures/wallmap.png",
          "stretch": true,
          "scale": 0
        },
        "wallType": "STRAIGHT",
        "a": { "x": 88.38834764831844, "y": 111.61165235168156 },
        "b": { "x": 88.38834764831844, "y": 38.38834764831843 },
        "length": "2.5m"
      },
      {
        "corner1": "b8f5b93e-8a9b-b14f-2704-4bf3443f7696",
        "corner2": "7702e8c4-90ae-bdb4-70d9-ed17d0e1601b",
        "frontTexture": {
          "url": "rooms/textures/wallmap.png",
          "stretch": true,
          "scale": 0
        },
        "backTexture": {
          "url": "rooms/textures/wallmap.png",
          "stretch": true,
          "scale": 0
        },
        "wallType": "STRAIGHT",
        "a": { "x": 141.4213562373095, "y": 341.4213562373095 },
        "b": { "x": 258.5786437626905, "y": 341.4213562373095 },
        "length": "4m"
      },
      {
        "corner1": "7702e8c4-90ae-bdb4-70d9-ed17d0e1601b",
        "corner2": "683c40e6-b6fa-5585-6996-1c3993177f96",
        "frontTexture": {
          "url": "rooms/textures/wallmap.png",
          "stretch": true,
          "scale": 0
        },
        "backTexture": {
          "url": "rooms/textures/wallmap.png",
          "stretch": true,
          "scale": 0
        },