{
  "floorplan": {
    "carbonSheet": {
      "anchorX": 0,
      "anchorY": 0,
      "height": 0.01,
      "transparency": 1,
      "url": "",
      "width": 0.01,
      "x": 0,
      "y": 0
    },
    "corners": {
      "2df5a92c-732d-41c5-13ec-db668de5bcc3": {
        "elevation": 6,
        "x": 10,
        "y": 5
      },
      "71d4f128-ae80-3d58-9bd2-711c6ce6cdf2": {
        "elevation": 6,
        "x": 0,
        "y": 0
      },
      "e11266bf-ab69-4fb4-5372-2b5cfed8d4be": {
        "elevation": 6,
        "x": 10,
        "y": 0
      },
      "f90da5e3-9e0e-eba7-173d-eb0b071e838e": {
        "elevation": 6,
        "x": 0,
        "y": 5
      }
    },
    "floorTextures": {},
    "newFloorTextures": {
      "2df5a92c-732d-41c5-13ec-db668de5bcc3,71d4f128-ae80-3d58-9bd2-711c6ce6cdf2,e11266bf-ab69-4fb4-5372-2b5cfed8d4be,f90da5e3-9e0e-eba7-173d-eb0b071e838e": {
        "scale": 300,
        "url": "rooms/textures/light_fine_wood.jpg"
      }
    },
    "rooms": {
      "71d4f128-ae80-3d58-9bd2-711c6ce6cdf2,e11266bf-ab69-4fb4-5372-2b5cfed8d4be,2df5a92c-732d-41c5-13ec-db668de5bcc3,f90da5e3-9e0e-eba7-173d-eb0b071e838e": {
        "area": "30.28m²",
        "name": "Hall",
        "roomDetails": {},
        "vertices": [
          [-486.70001220703125, 3.0099172592163086],
          [108.9000015258789, 4.1901021003723145],
          [108.9000015258789, 494.1900939941406],
          [-486.70001220703125, 493.0098876953125]
        ]
      }
    },
    "version": "0.0.2a",
    "wallTextures": [],
    "walls": [
      {
        "a": {
          "x": -176.77669529663686,
          "y": 176.7766952966369
        },
        "b": {
          "x": -176.7766952966369,
          "y": 323.22330470336317
        },
        "backTexture": {
          "scale": 0,
          "stretch": true,
          "url": "rooms/textures/wallmap.png"
        },
        "corner1": "71d4f128-ae80-3d58-9bd2-711c6ce6cdf2",
        "corner2": "f90da5e3-9e0e-eba7-173d-eb0b071e838e",
        "frontTexture": {
          "scale": 0,
          "stretch": true,
          "url": "rooms/textures/wallmap.png"
        },
        "length": "5m",
        "vertices": [
          {
            "x": -486.70001220703125,
            "y": 493.0098876953125,
            "z": 0
          },
          {
            "x": -486.70001220703125,
            "y": 3.0099172592163086,
            "z": 0
          },
          {
            "x": -496.70001220703125,
            "y": -7.009917259216309,
            "z": 0
          },
          {
            "x": -496.70001220703125,
            "y": 502.9901123046875,
            "z": 0
          }
        ],
        "wallType": "STRAIGHT"
      },
      {
        "a": {
          "x": 176.7766952966369,
          "y": 676.7766952966368
        },
        "b": {
          "x": 323.22330470336317,
          "y": 676.776695296637
        },
        "backTexture": {
          "scale": 0,
          "stretch": true,
          "url": "rooms/textures/wallmap.png"
        },
        "corner1": "f90da5e3-9e0e-eba7-173d-eb0b071e838e",
        "corner2": "2df5a92c-732d-41c5-13ec-db668de5bcc3",
        "frontTexture": {
          "scale": 0,
          "stretch": true,
          "url": "rooms/textures/wallmap.png"
        },
        "length": "6.056m",
        "vertices": [
          {
            "x": 108.9000015258789,
            "y": 494.1900939941406,
            "z": 0
          },
          {
            "x": -486.70001220703125,
            "y": 493.0098876953125,
            "z": 0
          },
          {
            "x": -496.70001220703125,
            "y": 502.9901123046875,
            "z": 0
          },
          {
            "x": 118.9000015258789,
            "y": 504.2099304199219,
            "z": 0
          }
        ],
        "wallType": "STRAIGHT"
      },
      {
        "a": {
          "x": -99.87409568144594,
          "y": -215.44577100512734
        },
        "b": {
          "x": -277.2502289948728,
          "y": -215.76209568144594
        },
        "backTexture": {
          "scale": 0,
          "stretch": true,
          "url": "rooms/textures/wallmap.png"
        },
        "corner1": "e11266bf-ab69-4fb4-5372-2b5cfed8d4be",
        "corner2": "71d4f128-ae80-3d58-9bd2-711c6ce6cdf2",
        "frontTexture": {
          "scale": 0,
          "stretch": true,
          "url": "rooms/textures/wallmap.png"
        },
        "length": "6.056m",
        "vertices": [
          {
            "x": -486.70001220703125,
            "y": 3.0099172592163086,
            "z": 0
          },
          {
            "x": 108.9000015258789,
            "y": 4.1901021003723145,
            "z": 0
          },
          {
            "x": 118.9000015258789,
            "y": -5.790102481842041,
            "z": 0
          },
          {
            "x": -496.70001220703125,
            "y": -7.009917259216309,
            "z": 0
          }
        ],
        "wallType": "STRAIGHT"
      },
      {
        "a": {
          "x": -63.537331031433695,
          "y": 176.60182428228904
        },
        "b": {
          "x": -63.537331031433695,
          "y": 323.5589984808746
        },
        "backTexture": {
          "scale": 0,
          "stretch": true,
          "url": "rooms/textures/wallmap.png"
        },
        "corner1": "e11266bf-ab69-4fb4-5372-2b5cfed8d4be",
        "corner2": "2df5a92c-732d-41c5-13ec-db668de5bcc3",
        "frontTexture": {
          "scale": 0,
          "stretch": true,
          "url": "rooms/textures/wallmap.png"
        },
        "length": "5m",
        "vertices": [
          {
            "x": 108.9000015258789,
            "y": 4.1901021003723145,
            "z": 0
          },
          {
            "x": 108.9000015258789,
            "y": 494.1900939941406,
            "z": 0
          },
          {
            "x": 118.9000015258789,
            "y": 504.2099304199219,
            "z": 0
          },
          {
            "x": 118.9000015258789,
            "y": -5.790102481842041,
            "z": 0
          }
        ],
        "wallType": "STRAIGHT"
      }
    ]
  },
  "items": [
    {
      "breadth": 51,
      "fixed": false,
      "item_name": "Chair",
      "item_type": 1,
      "length": 45,
      "material_colors": [
        "#ffffff",
        "#cccccc",
        "#ffffff",
        "#ffffff",
        "#cccccc",
        "#ffffff",
        "#ffffff",
        "#ffffff",
        "#ffffff",
        "#ffffff",
        "#ffffff",
        "#ffffff",
        "#ffffff"
      ],
      "model_url": "models/js/gus-churchchair-whiteoak.js",
      "rotation": -1.5707963267948966,
      "scale_x": 1,
      "scale_y": 1,
      "scale_z": 1,
      "xpos": 86.4000015258789,
      "ypos": 39.47743068655714,
      "zpos": 249.19009804725647
    },
    {
      "breadth": 70,
      "fixed": false,
      "format": "gltf",
      "item_name": "Bathroommirror",
      "item_type": 2,
      "length": 50,
      "material_colors": ["#e49964", "#bcd1d6", "#b2d3c4"],
      "model_url": "models/gltf/bathroomMirror.glb",
      "rotation": -0.001981503351151548,
      "scale_x": 300,
      "scale_y": 300,
      "scale_z": 300,
      "xpos": -0.10061464832210731,
      "ypos": 292.37268804460075,
      "zpos": 25.635391970287387
    },
    {
      "breadth": 90,
      "fixed": false,
      "format": "gltf",
      "item_name": "Cardboardboxclosed",
      "item_type": 0,
      "length": 50,
      "material_colors": ["#e49964", "#ac744c"],
      "model_url": "models/gltf/cardboardBoxClosed.glb",
      "rotation": -1.5707963267948966,
      "scale_x": 300,
      "scale_y": 300,
      "scale_z": 300,
      "xpos": -417.0488072685888,
      "ypos": -489.8568604552362,
      "zpos": 0
    },
    {
      "breadth": 50,
      "fixed": false,
      "item_name": "Window",
      "item_type": 3,
      "length": 90,